{
  "pr_auc": 0.9480766538311813,
  "roc_auc": 0.991137663821908,
  "f1": 0.8667952049626959,
  "precision": 0.8182969294080406,
  "recall": 0.9214043842452326,
  "threshold": 0.625,
  "tn": 48731,
  "fp": 1148,
  "fn": 441,
  "tp": 5170,
  "split": "train",
  "checkpoint": "outputs/best_model.pt"
}